Workbook
Name Slicer_Branch: #N/A
Name Slicer_Subject: #N/A
Name Slicer_Year: #N/A

Sheet Raw_Data
A1: Student_ID | B1: Name | C1: Subject | D1: Total_Classes | E1: Attended_Classes | F1: Marks | G1: Attendance_% | H1: Eligible | I1: Branch | J1: Year
A2: S1001 | B2: Student_1 | C2: Maths | D2: 31 | E2: 31 | F2: 70 | G2: =Table1[[#This Row],[Attended_Classes]]/Table1[[#This Row],[Total_Classes]] -> 1 | H2: =IF(Table1[[#This Row],[Attendance_%]]<0.75,"Not Eligible","Eligible") -> Eligible | I2: =_xlfn.XLOOKUP(Table1[[#This Row],[Student_ID]],Student_Master!$A:$A,Student_Master!$C:$C) -> ME | J2: =_xlfn.XLOOKUP(Table1[[#This Row],[Student_ID]],Student_Master!$A:$A,Student_Master!$D:$D) -> 3
A3: S1002 | B3: Student_1 | C3: DBMS | D3: 43 | E3: 32 | F3: 47 | G3: =Table1[[#This Row],[Attended_Classes]]/Table1[[#This Row],[Total_Classes]] -> 0.74418605 | H3: =IF(Table1[[#This Row],[Attendance_%]]<0.75,"Not Eligible","Eligible") -> Not Eligible | I3: =_xlfn.XLOOKUP(Table1[[#This Row],[Student_ID]],Student_Master!$A:$A,Student_Master!$C:$C) -> CE | J3: =_xlfn.XLOOKUP(Table1[[#This Row],[Student_ID]],Student_Master!$A:$A,Student_Master!$D:$D) -> 2
A4: S1003 | B4: Student_1 | C4: Statistics | D4: 41 | E4: 40 | F4: 99 | G4: =Table1[[#This Row],[Attended_Classes]]/Table1[[#This Row],[Total_Classes]] -> 0.97560976 | H4: =IF(Table1[[#This Row],[Attendance_%]]<0.75,"Not Eligible","Eligible") -> Eligible | I4: =_xlfn.XLOOKUP(Table1[[#This Row],[Student_ID]],Student_Master!$A:$A,Student_Master!$C:$C) -> CSE | J4: =_xlfn.XLOOKUP(Table1[[#This Row],[Student_ID]],Student_Master!$A:$A,Student_Master!$D:$D) -> 3
A5: S1004 | B5: Student_2 | C5: DBMS | D5: 40 | E5: 35 | F5: 86 | G5: =Table1[[#This Row],[Attended_Classes]]/Table1[[#This Row],[Total_Classes]] -> 0.875 | H5: =IF(Table1[[#This Row],[Attendance_%]]<0.75,"Not Eligible","Eligible") -> Eligible | I5: =_xlfn.XLOOKUP(Table1[[#This Row],[Student_ID]],Student_Master!$A:$A,Student_Master!$C:$C) -> CSE | J5: =_xlfn.XLOOKUP(Table1[[#This Row],[Student_ID]],Student_Master!$A:$A,Student_Master!$D:$D) -> 4
A6: S1005 | B6: Student_2 | C6: Statistics | D6: 40 | E6: 26 | F6: 68 | G6: =Table1[[#This Row],[Attended_Classes]]/Table1[[#This Row],[Total_Classes]] -> 0.65 | H6: =IF(Table1[[#This Row],[Attendance_%]]<0.75,"Not Eligible","Eligible") -> Not Eligible | I6: =_xlfn.XLOOKUP(Table1[[#This Row],[Student_ID]],Student_Master!$A:$A,Student_Master!$C:$C) -> ME | J6: =_xlfn.XLOOKUP(Table1[[#This Row],[Student_ID]],Student_Master!$A:$A,Student_Master!$D:$D) -> 3
A7: S1006 | B7: Student_2 | C7: Python | D7: 42 | E7: 30 | F7: 40 | G7: =Table1[[#This Row],[Attended_Classes]]/Table1[[#This Row],[Total_Classes]] -> 0.71428571 | H7: =IF(Table1[[#This Row],[Attendance_%]]<0.75,"Not Eligible","Eligible") -> Not Eligible | I7: =_xlfn.XLOOKUP(Table1[[#This Row],[Student_ID]],Student_Master!$A:$A,Student_Master!$C:$C) -> CE | J7: =_xlfn.XLOOKUP(Table1[[#This Row],[Student_ID]],Student_Master!$A:$A,Student_Master!$D:$D) -> 4
A8: S1007 | B8: Student_3 | C8: Statistics | D8: 28 | E8: 25 | F8: 63 | G8: =Table1[[#This Row],[Attended_Classes]]/Table1[[#This Row],[Total_Classes]] -> 0.89285714 | H8: =IF(Table1[[#This Row],[Attendance_%]]<0.75,"Not Eligible","Eligible") -> Eligible | I8: =_xlfn.XLOOKUP(Table1[[#This Row],[Student_ID]],Student_Master!$A:$A,Student_Master!$C:$C) -> CSE | J8: =_xlfn.XLOOKUP(Table1[[#This Row],[Student_ID]],Student_Master!$A:$A,Student_Master!$D:$D) -> 4
A9: S1008 | B9: Student_3 | C9: DSA | D9: 38 | E9: 36 | F9: 56 | G9: =Table1[[#This Row],[Attended_Classes]]/Table1[[#This Row],[Total_Classes]] -> 0.94736842 | H9: =IF(Table1[[#This Row],[Attendance_%]]<0.75,"Not Eligible","Eligible") -> Eligible | I9: =_xlfn.XLOOKUP(Table1[[#This Row],[Student_ID]],Student_Master!$A:$A,Student_Master!$C:$C) -> CSE | J9: =_xlfn.XLOOKUP(Table1[[#This Row],[Student_ID]],Student_Master!$A:$A,Student_Master!$D:$D) -> 1
A10: S1009 | B10: Student_3 | C10: Python | D10: 35 | E10: 20 | F10: 74 | G10: =Table1[[#This Row],[Attended_Classes]]/Table1[[#This Row],[Total_Classes]] -> 0.57142857 | H10: =IF(Table1[[#This Row],[Attendance_%]]<0.75,"Not Eligible","Eligible") -> Not Eligible | I10: =_xlfn.XLOOKUP(Table1[[#This Row],[Student_ID]],Student_Master!$A:$A,Student_Master!$C:$C) -> ME | J10: =_xlfn.XLOOKUP(Table1[[#This Row],[Student_ID]],Student_Master!$A:$A,Student_Master!$D:$D) -> 3
A11: S1010 | B11: Student_4 | C11: Statistics | D11: 34 | E11: 26 | F11: 67 | G11: =Table1[[#This Row],[Attended_Classes]]/Table1[[#This Row],[Total_Classes]] -> 0.76470588 | H11: =IF(Table1[[#This Row],[Attendance_%]]<0.75,"Not Eligible","Eligible") -> Eligible | I11: =_xlfn.XLOOKUP(Table1[[#This Row],[Student_ID]],Student_Master!$A:$A,Student_Master!$C:$C) -> ECE | J11: =_xlfn.XLOOKUP(Table1[[#This Row],[Student_ID]],Student_Master!$A:$A,Student_Master!$D:$D) -> 1
A12: S1011 | B12: Student_4 | C12: DSA | D12: 34 | E12: 26 | F12: 47 | G12: =Table1[[#This Row],[Attended_Classes]]/Table1[[#This Row],[Total_Classes]] -> 0.76470588 | H12: =IF(Table1[[#This Row],[Attendance_%]]<0.75,"Not Eligible","Eligible") -> Eligible | I12: =_xlfn.XLOOKUP(Table1[[#This Row],[Student_ID]],Student_Master!$A:$A,Student_Master!$C:$C) -> ME | J12: =_xlfn.XLOOKUP(Table1[[#This Row],[Student_ID]],Student_Master!$A:$A,Student_Master!$D:$D) -> 3
A13: S1012 | B13: Student_4 | C13: Python | D13: 39 | E13: 19 | F13: 72 | G13: =Table1[[#This Row],[Attended_Classes]]/Table1[[#This Row],[Total_Classes]] -> 0.48717949 | H13: =IF(Table1[[#This Row],[Attendance_%]]<0.75,"Not Eligible","Eligible") -> Not Eligible | I13: =_xlfn.XLOOKUP(Table1[[#This Row],[Student_ID]],Student_Master!$A:$A,Student_Master!$C:$C) -> ME | J13: =_xlfn.XLOOKUP(Table1[[#This Row],[Student_ID]],Student_Master!$A:$A,Student_Master!$D:$D) -> 3
... A51: S1050 | B51: Student_17 | C51: Statistics | D51: 28 | E51: 25 | F51: 91 | G51: =Table1[[#This Row],[Attended_Classes]]/Table1[[#This Row],[Total_Classes]] -> 0.89285714 | H51: =IF(Table1[[#This Row],[Attendance_%]]<0.75,"Not Eligible","Eligible") -> Eligible | I51: =_xlfn.XLOOKUP(Table1[[#This Row],[Student_ID]],Student_Master!$A:$A,Student_Master!$C:$C) -> ECE | J51: =_xlfn.XLOOKUP(Table1[[#This Row],[Student_ID]],Student_Master!$A:$A,Student_Master!$D:$D) -> 1
B52: Student_17 | C52: DBMS | D52: 38 | E52: 34 | F52: 47 | G52: =Table1[[#This Row],[Attended_Classes]]/Table1[[#This Row],[Total_Classes]] -> 0.89473684 | H52: =IF(Table1[[#This Row],[Attendance_%]]<0.75,"Not Eligible","Eligible") -> Eligible | I52: =_xlfn.XLOOKUP(Table1[[#This Row],[Student_ID]],Student_Master!$A:$A,Student_Master!$C:$C) -> 0 | J52: =_xlfn.XLOOKUP(Table1[[#This Row],[Student_ID]],Student_Master!$A:$A,Student_Master!$D:$D) -> 0
B53: Student_18 | C53: DBMS | D53: 43 | E53: 42 | F53: 74 | G53: =Table1[[#This Row],[Attended_Classes]]/Table1[[#This Row],[Total_Classes]] -> 0.97674419 | H53: =IF(Table1[[#This Row],[Attendance_%]]<0.75,"Not Eligible","Eligible") -> Eligible | I53: =_xlfn.XLOOKUP(Table1[[#This Row],[Student_ID]],Student_Master!$A:$A,Student_Master!$C:$C) -> 0 | J53: =_xlfn.XLOOKUP(Table1[[#This Row],[Student_ID]],Student_Master!$A:$A,Student_Master!$D:$D) -> 0
B54: Student_18 | C54: Maths | D54: 41 | E54: 35 | F54: 41 | G54: =Table1[[#This Row],[Attended_Classes]]/Table1[[#This Row],[Total_Classes]] -> 0.85365854 | H54: =IF(Table1[[#This Row],[Attendance_%]]<0.75,"Not Eligible","Eligible") -> Eligible | I54: =_xlfn.XLOOKUP(Table1[[#This Row],[Student_ID]],Student_Master!$A:$A,Student_Master!$C:$C) -> 0 | J54: =_xlfn.XLOOKUP(Table1[[#This Row],[Student_ID]],Student_Master!$A:$A,Student_Master!$D:$D) -> 0
B55: Student_18 | C55: Python | D55: 30 | E55: 30 | F55: 80 | G55: =Table1[[#This Row],[Attended_Classes]]/Table1[[#This Row],[Total_Classes]] -> 1 | H55: =IF(Table1[[#This Row],[Attendance_%]]<0.75,"Not Eligible","Eligible") -> Eligible | I55: =_xlfn.XLOOKUP(Table1[[#This Row],[Student_ID]],Student_Master!$A:$A,Student_Master!$C:$C) -> 0 | J55: =_xlfn.XLOOKUP(Table1[[#This Row],[Student_ID]],Student_Master!$A:$A,Student_Master!$D:$D) -> 0
B56: Student_19 | C56: DBMS | D56: 43 | E56: 37 | F56: 95 | G56: =Table1[[#This Row],[Attended_Classes]]/Table1[[#This Row],[Total_Classes]] -> 0.86046512 | H56: =IF(Table1[[#This Row],[Attendance_%]]<0.75,"Not Eligible","Eligible") -> Eligible | I56: =_xlfn.XLOOKUP(Table1[[#This Row],[Student_ID]],Student_Master!$A:$A,Student_Master!$C:$C) -> 0 | J56: =_xlfn.XLOOKUP(Table1[[#This Row],[Student_ID]],Student_Master!$A:$A,Student_Master!$D:$D) -> 0
B57: Student_19 | C57: DSA | D57: 35 | E57: 24 | F57: 42 | G57: =Table1[[#This Row],[Attended_Classes]]/Table1[[#This Row],[Total_Classes]] -> 0.68571429 | H57: =IF(Table1[[#This Row],[Attendance_%]]<0.75,"Not Eligible","Eligible") -> Not Eligible | I57: =_xlfn.XLOOKUP(Table1[[#This Row],[Student_ID]],Student_Master!$A:$A,Student_Master!$C:$C) -> 0 | J57: =_xlfn.XLOOKUP(Table1[[#This Row],[Student_ID]],Student_Master!$A:$A,Student_Master!$D:$D) -> 0
B58: Student_19 | C58: Python | D58: 44 | E58: 18 | F58: 87 | G58: =Table1[[#This Row],[Attended_Classes]]/Table1[[#This Row],[Total_Classes]] -> 0.40909091 | H58: =IF(Table1[[#This Row],[Attendance_%]]<0.75,"Not Eligible","Eligible") -> Not Eligible | I58: =_xlfn.XLOOKUP(Table1[[#This Row],[Student_ID]],Student_Master!$A:$A,Student_Master!$C:$C) -> 0 | J58: =_xlfn.XLOOKUP(Table1[[#This Row],[Student_ID]],Student_Master!$A:$A,Student_Master!$D:$D) -> 0
B59: Student_20 | C59: Maths | D59: 41 | E59: 23 | F59: 77 | G59: =Table1[[#This Row],[Attended_Classes]]/Table1[[#This Row],[Total_Classes]] -> 0.56097561 | H59: =IF(Table1[[#This Row],[Attendance_%]]<0.75,"Not Eligible","Eligible") -> Not Eligible | I59: =_xlfn.XLOOKUP(Table1[[#This Row],[Student_ID]],Student_Master!$A:$A,Student_Master!$C:$C) -> 0 | J59: =_xlfn.XLOOKUP(Table1[[#This Row],[Student_ID]],Student_Master!$A:$A,Student_Master!$D:$D) -> 0
B60: Student_20 | C60: DSA | D60: 40 | E60: 36 | F60: 93 | G60: =Table1[[#This Row],[Attended_Classes]]/Table1[[#This Row],[Total_Classes]] -> 0.9 | H60: =IF(Table1[[#This Row],[Attendance_%]]<0.75,"Not Eligible","Eligible") -> Eligible | I60: =_xlfn.XLOOKUP(Table1[[#This Row],[Student_ID]],Student_Master!$A:$A,Student_Master!$C:$C) -> 0 | J60: =_xlfn.XLOOKUP(Table1[[#This Row],[Student_ID]],Student_Master!$A:$A,Student_Master!$D:$D) -> 0
B61: Student_20 | C61: Python | D61: 35 | E61: 19 | F61: 60 | G61: =Table1[[#This Row],[Attended_Classes]]/Table1[[#This Row],[Total_Classes]] -> 0.54285714 | H61: =IF(Table1[[#This Row],[Attendance_%]]<0.75,"Not Eligible","Eligible") -> Not Eligible | I61: =_xlfn.XLOOKUP(Table1[[#This Row],[Student_ID]],Student_Master!$A:$A,Student_Master!$C:$C) -> 0 | J61: =_xlfn.XLOOKUP(Table1[[#This Row],[Student_ID]],Student_Master!$A:$A,Student_Master!$D:$D) -> 0
B62: Student_21 | C62: Python | D62: 28 | E62: 22 | F62: 99 | G62: =Table1[[#This Row],[Attended_Classes]]/Table1[[#This Row],[Total_Classes]] -> 0.78571429 | H62: =IF(Table1[[#This Row],[Attendance_%]]<0.75,"Not Eligible","Eligible") -> Eligible | I62: =_xlfn.XLOOKUP(Table1[[#This Row],[Student_ID]],Student_Master!$A:$A,Student_Master!$C:$C) -> 0 | J62: =_xlfn.XLOOKUP(Table1[[#This Row],[Student_ID]],Student_Master!$A:$A,Student_Master!$D:$D) -> 0
B63: Student_21 | C63: DSA | D63: 43 | E63: 36 | F63: 43 | G63: =Table1[[#This Row],[Attended_Classes]]/Table1[[#This Row],[Total_Classes]] -> 0.8372093 | H63: =IF(Table1[[#This Row],[Attendance_%]]<0.75,"Not Eligible","Eligible") -> Eligible | I63: =_xlfn.XLOOKUP(Table1[[#This Row],[Student_ID]],Student_Master!$A:$A,Student_Master!$C:$C) -> 0 | J63: =_xlfn.XLOOKUP(Table1[[#This Row],[Student_ID]],Student_Master!$A:$A,Student_Master!$D:$D) -> 0
... B151: Student_50 | C151: Python | D151: 40 | E151: 33 | F151: 68 | G151: =Table1[[#This Row],[Attended_Classes]]/Table1[[#This Row],[Total_Classes]] -> 0.825 | H151: =IF(Table1[[#This Row],[Attendance_%]]<0.75,"Not Eligible","Eligible") -> Eligible | I151: =_xlfn.XLOOKUP(Table1[[#This Row],[Student_ID]],Student_Master!$A:$A,Student_Master!$C:$C) -> 0 | J151: =_xlfn.XLOOKUP(Table1[[#This Row],[Student_ID]],Student_Master!$A:$A,Student_Master!$D:$D) -> 0

Sheet Student_Master
A1: Student_ID | B1: Name | C1: Branch | D1: Year
A2: S1001 | B2: Student_1 | C2: ME | D2: 3
A3: S1002 | B3: Student_2 | C3: CE | D3: 2
A4: S1003 | B4: Student_3 | C4: CSE | D4: 3
A5: S1004 | B5: Student_4 | C5: CSE | D5: 4
A6: S1005 | B6: Student_5 | C6: ME | D6: 3
A7: S1006 | B7: Student_6 | C7: CE | D7: 4
A8: S1007 | B8: Student_7 | C8: CSE | D8: 4
A9: S1008 | B9: Student_8 | C9: CSE | D9: 1
A10: S1009 | B10: Student_9 | C10: ME | D10: 3
A11: S1010 | B11: Student_10 | C11: ECE | D11: 1
A12: S1011 | B12: Student_11 | C12: ME | D12: 3
A13: S1012 | B13: Student_12 | C13: ME | D13: 3
... A51: S1050 | B51: Student_50 | C51: ECE | D51: 1

Sheet Analysis
A1: Row Labels | B1: Average of Attendance_% | D1: Row Labels | E1: Max of Marks | G1: Row Labels | H1: Count of Eligible
A2: DBMS | B2: 0.75760615 | D2: DBMS | E2: 100 | G2: Eligible | H2: 85
A3: DSA | B3: 0.80369242 | D3: DSA | E3: 94 | G3: Not Eligible | H3: 65
A4: Maths | B4: 0.7963134 | D4: Maths | E4: 96 | G4: Grand Total | H4: 150
A5: Python | B5: 0.7374794 | D5: Python | E5: 99
A6: Statistics | B6: 0.77767593 | D6: Statistics | E6: 99
A7: Grand Total | B7: 0.774449 | D7: Grand Total | E7: 100 | G7: Row Labels | H7: Average of Marks
G8: 0 | H8: 70.51
G9: CE | H9: 62.8125
G10: CSE | H10: 76.545455
G11: ECE | H11: 59.272727
G12: ME | H12: 65.75
G13: Grand Total | H13: 68.926667

Sheet Dashboard
